Angel Island State Park,san francisco
Candlestick Point State Recreation Area,san francisco
Farallon Islands State Marine Conservation Area,san francisco
Mount Sutro Open Space Reserve,san francisco
Alamo Square,san francisco
Alta Plaza,san francisco
Balboa Park,san francisco
Bayview park,san francisco
Bernal Heights Park,san francisco
Boeddeker Park,san francisco
Buena Vista Park,san francisco
Candlestick Park,san francisco
Cayuga Park,san francisco
Corona Heights Park,san francisco
Dolores Park,san francisco
Duboca Park,san francisco
Garfield Square,san francisco
Glen Canyon Park,san francisco
Goden Gate Park,san francisco
Grand View Park,san francisco
Harding Park Golf Club,san francisco
Herons Head Park,san francisco
Holly Park,san francisco
In Chan Kaajal Park,san francisco
Julius Kahn Playground,san francisco
Lincoln Park,san francisco
Lafayette Park,san francisco
Lake Merced,san francisco
Larsen Park,san francisco
Mclaren Park,san francisco
Marina Green,san francisco
Mount Davidson Park,san francisco
Mount Olympus,san francisco
Mountain Lake Park,san francisco
Palace of Fine Arts,san francisco
The Panhandle,san francisco
Park Presidio Boulevard,san francisco
Pine Lake Park,san francisco
Pink Triangle Park,san francisco
Pioneer Park,san francisco
Portsmouth Square,san francisco
Precita Park,san francisco
San Francisco Zoo,san francisco
Sigmund Stern Recreation Grove,san francisco
South Park,san francisco
Sue Bierman Park,san francisco
Twin Peaks,san francisco
Union Square,san francisco
Warm Water Cove,san francisco
Washington Square,san francisco
25th Street Mini Park,Oakland
85th Avenue Mini Park,Oakland
88th Avenue Mini Park,Oakland
Allendale Park,Oakland
Arroyo Viejo Park,Oakland
Avenue Terrance Park,Oakland
Bella Vista Park,Oakland
Brookdale Park,Oakland
Burckhalter Park,Oakland
Bushrod Park,Oakland
Carney Park,Oakland
Central Reservoir Park,Oakland
Cesar Chavez Park,Oakland
Chabot Park,Oakland
Channel Park,Oakland
Chinese Garden Park,Oakland
Clinton Square Park,Oakland
Colby Park,Oakland
Coliseum Gardens Park,Oakland
Columbian Gardens Park,Oakland
Concordia Park,Oakland
Crescent Park,Oakland
Cypress Freeway Memorial Park,Oakland
DeFremery Park,Oakland
Dimond Park,Oakland
Dunsmuir Estate Park,Oakland
Durant Mini Park,Oakland
Eastshore Park,Oakland
Elmhurst Park,Oakland
Elmhurst Plaza Park,Oakland
Estuary Channel Park,Oakland
Fitzgerald Park,Oakland
FM Smith Park,Oakland
Foothill Meadows Extension,Oakland
Foothill Meadows Park,Oakland
Franklin Park,Oakland
Fruitvale Bridge Park,Oakland
Garfield Park,Oakland
Glen Echo Park,Oakland
Golden Gate Park,Oakland
Grove Shafter Park,Oakland
Hardy Dog Park,Oakland
Helen McGregor Plaza Park,Oakland
Henry J. Kaiser Memorial Park,Oakland
Holly Mini Park,Oakland
Ira Jinkins Park,Oakland
Jefferson Square,Oakland
Joaquin Miller Park,Oakland
Joseph Knowland State Arboretum and Park,Oakland
Kennedy Tract Park,Oakland
Lafayette Square Park,Oakland
Lakeside Park,Oakland
Lazear Park,Oakland
Lincoln Square Park,Oakland
Linden Park,Oakland
Lowell Park,Oakland
Madison Square Park,Oakland
Mandana Plaza Park,Oakland
Manzanita Park,Oakland
Marston Campbell Park,Oakland
McClymonds Mini Park,Oakland
McCrea Park,Oakland
Montclair Park,Oakland
Nicol Park,Oakland
Oak Glen Park,Oakland
Oak Park,Oakland
Oakland Zoo,Oakland
Ostrander Park,Oakland
Park Boulevard Plaza Park,Oakland
Peralta Hacienda Park,Oakland
Peralta Oaks Park,Oakland
Peralta Park,Oakland
Piedmont Plaza Park,Oakland
Pine Knoll Park,Oakland
Pinto Park,Oakland
Poplar Park,Oakland
Rainbow Park,Oakland
Rancho Peralta Park,Oakland
Redwood Heights Park,Oakland
Rockridge Park,Oakland
Saint Andrews Park,Oakland
San Antonio Park,Oakland
Sanborn Park,Oakland
Sequoia Lodge Park,Oakland
Sheffield Village Park,Oakland
Snow Park,Oakland
Sobrante Park,Oakland
South Prescott Park,Oakland
Stonehurst Park,Oakland
Tassafaronga Park,Oakland
Temescal Creek Park,Oakland
Union Plaza Park,Oakland
Union Point Park,Oakland
Vantage Point Park,Oakland
Verdese Carter Park,Oakland
Wade Johnson Park,Oakland
Willow Mini Park,Oakland
Wood Park,Oakland
Marina Village Park,Alameda
Dog Park,Alameda
Littlejohn Park,Alameda
Washington Park,Alameda
McKinley Park,Alameda
Lincoln Park,Alameda
Jean Sweeney Open Space Park,Alameda
Tillman Park,Alameda
Franklin Park,Alameda
Jackson Park,Alameda
Estuary Park,Alameda
Bayport Park,Alameda
Godfrey Park,Alameda
Leydecker Park,Alameda
Longfellow Park,Alameda
Neptune Park,Alameda
Rittle Park,Alameda
Shoreline Park,Alameda
Towata Park,Alameda
Woodstock Park,Alameda
Krusi Park,Alameda
Main Street Linear Park,Alameda
Marina Cove Waterfront Park,Alameda
City View Skate Park,Alameda
Main Street Dog Park,Alameda
Corica Park,Alameda
Mastrick Senior Center,Alameda
Main Street Soccer Field,Alameda
Albany Hill Park,Albany
Dartmouth Tot Lot,Albany
Jewel's Terrace Park,Albany
Jewel's Terrace Park,Albany
Memorial Park,Albany
Ocean View Park,Albany
Peggy Thomsen Pierce Street Park,Albany
Alexandar Park,Belmont
Barrett Community Center,Belmont
Belameda Park,Belmont
Cipriani Park,Belmont
College View Park,Belmont
Davey Glen Park,Belmont
Hallmark Park,Belmont
Hidden Canyon Park,Belmont
McDougal Park,Belmont
O'Donnell Park,Belmont
Patricia Wharton Park,Belmont
Ralston Ranch Park,Belmont
San Juan Canyon,Belmont
Semeria Park,Belmont
Twin Pines Park,Belmont
Wakefield Park,Belmont
Belvedere Community Center,Belvedere
Aquatic Park,Berkeley
Bateman Mall Park,Berkeley
Berkeley Way Mini Park,Berkeley
Cedar-Rose Park,Berkeley
Cesar Chavez Park,Berkeley
Charlie Dorr mini Park,Berkeley
Codornices Park,Berkeley
Contra Costa Rock Park,Berkeley
Cragmont Rock Park,Berkeley
Dorothy Bolte Park,Berkeley
Frederick Mini Park,Berkeley
George Florence Mini Park,Berkeley
Glendale-La Loma Park,Berkeley
Great Stoneface Park,Berkeley
Greg Brown Mini Park,Berkeley
Grizzly Peak Park,Berkeley
Grotto Rock Park,Berkeley
Grove Park,Berkeley
Halcyon Commons,Berkeley
Harrison Park,Berkeley
Haskell-Mabel Mini Park,Berkeley
Horseshoe Park,Berkeley
Indian Rock Park,Berkeley
James Kenny Park,Berkeley
John Hinkel Park,Berkeley
John Muir School Park,Berkeley
King School Park,Berkeley
Le Conte School Park,Berkeley
Live Oak Park,Berkeley
Malcolm X School Park,Berkeley
MLK JR Civic Center Park,Berkeley
Mortar Rock Park,Berkeley
Oak Park,Berkeley
People's Park,Berkeley
Presentation Park,Berkeley
Remillard Park,Berkeley
San Pablo Park,Berkeley
Shorebird Park,Berkeley
Solano Peralta Park,Berkeley
Strawberry Creek Park,Berkeley
Terrace View Park,Berkeley
Willard Park,Berkeley
Community Park,Brisbane
Dog Park,Brisbane
Fisherman's Park,Brisbane
Firth Park,Brisbane
Skate Park,Brisbane
Alpine Park,Burlingame
Bayside God Exercise Park,Burlingame
Cuernavaca Park,Burlingame
Heritage Park,Burlingame
Laguna Park,Burlingame
Pershing Park,Burlingame
Ray Park,Burlingame
Victoria Park,Burlingame
Village Park,Burlingame
Washington Park,Burlingame
Corte Madera Town Park,Corte Madera
The Cove Park,Corte Madera
Alta Loma Park,Daly City
Arden Park,Daly City
Bayshore Heights Park,Daly City
Broderick-Terry Dueling Site Park,Daly City
Dan Gillbrech Park,Daly City
David R.Rowe Park,Daly City
Edgewood Park,Daly City
Gellert Park,Daly City
Hillside Park,Daly City
Lincoln Park,Daly City
Longview Park,Daly City
Marchbank Park,Daly City
Mission Hills Park,Daly City
Northridge Park,Daly City
Palisades Park,Daly City
Polaris Park,Daly City
Sullivan Skate Park,Daly City
Thornton Beach Vista,Daly City
Wetlake Park,Daly City
Baxter Creek Gateway Park,El Cerrito
Bruce King Memorial Dog Park,El Cerrito
Centennial Park,El Cerrito
Central Park,El Cerrito
Cerrito Vista Park,El Cerrito
Creekside Park,El Cerrito
Huber Park,El Cerrito
Poinsett Park,El Cerrito
61st Street Mini-Park,Emeryville
Christie Avenue Park,Emeryville
Davenport Park,Emeryville
Doyle Hollis Park,Emeryville
Shorebird Park,Emeryville
Marina Park,Emeryville
Stanford Avenue Park,Emeryville
Temescal Creek Park,Emeryville
Peladeu Park,Emeryville
Sherwin Williams Park,Emeryville
Arcturus Park,Foster City
Baywinds Park,Foster City
Boat Park,Foster City
Boothbay Park,Foster City
Bridgeview Park,Foster City
Catamaran Park,Foster City
Edgewater Park,Foster City
Erckenbrack Park,Foster City
Farragut Park,Foster City
Foster City Dog Park,Foster City
Gateshead Park,Foster City
Gull Park,Foster City
Ketch Park,Foster City
Killdeer Park,Foster City
Leo J Ryan Park,Foster City
Leo Park,Foster City
Levee Pedway,Foster City
Marlin Park,Foster City
Opompano Park,Foster City
Port Royal Park,Foster City
Sea Cloud Park,Foster City
Shad Park,Foster City
Shorebird Park,Foster City
Sunfish Park,Foster City
Turnstone Park,Foster City
Greenwood Park,Hayward
Centennial Park,Hillsborough
Crossroads Park,Hillsborough
Vista Park,Hillsborough
Community Center,Kensington
Community Park,Lafayette
Brook Street Park,Lafayette
Leigh Creekside Park,Lafayette
Bayfront Park,Mill Valley
Blithedale Park,Mill Valley
Ernest Bloch Memorial Park,Mill Valley
Boyle Park,Mill Valley
Cascade Park,Mill Valley
Freeman Park,Mill Valley
Hauke Park,Mill Valley
Miller Grove Park,Mill Valley
Old Mill Park,Mill Valley
Scott Highlands Park,Mill Valley
Skate Park,Mill Valley
Sycamore Park,Mill Valley
Bayside Manor Park,Millbrae
Central Park,Millbrae
Green Hills Park,Millbrae
Lion Park,Millbrae
Marina Vista Park,Millbrae
Meadows Park,Millbrae
Mills Estates Park,Millbrae
Rotary Park,Millbrae
Skate Park,Millbrae
Montara Beach,Montara
Commons Park,Moraga
Rancho Laguna Park,Moraga
Orinda Community Center Park,Orinda
Orida Oaks Park,Orinda
Edgemar Park,Pacifica
Fairmont Park ,Pacifica
Fairmont West Park,Pacifica
Horizon Park ,Pacifica
Imperial Park,Pacifica
Oddstad Park,Pacifica
McNee Ranch State Park,Pacifica
Pacifica Skate Park,Pacifica
Portola Mini Park,Pacifica
San Pedro Valley County Park,Pacifica
Frontierland Park,Pacifica
Brighton Mini Park,Pacifica
Palmetto mini Park,Pacifica
Blair Park,Piedmont
Crocker Park,Piedmont
Dracena Quarry Park,Piedmont
Kennelly Skate Park,Piedmont
Linda Park,Piedmont
Piedmont Park,Piedmont
Andrew Spina Park,Redwood City
Dolphin Park,Redwood City
Dove Beeger Park,Redwood City
Fleishman Park,Redwood City
Garrett Park,Redwood City
Hawes Park,Redwood City
Hoover Park,Redwood City
Linden Park,Redwood City
Maddux Park,Redwood City
Mariner Park,Redwood City
Marlin Park,Redwood City
Mezes Park,Redwood City
Palm Park,Redwood City
Preserve Park,Redwood City
RedMorton Park,Redwood City
Sandpiper Park,Redwood City
Shannon Park,Redwood City
Shorebird Park,Redwood City
Stafford Park,Redwood City
Stulsaft Park,Redwood City
Wellesley Crescent Park,Redwood City
Westwood Park,Redwood City
Abraham Braxton Park,Richmond
Barbara & Jay Vincent Park,Richmond
Bay Vista Park,Richmond
Belding-Garcia Park,Richmond
Boorman Park,Richmond
Burg Park,Richmond
Central Park,Richmond
Country club vista Park,Richmond
Crescent Park,Richmond
Hilltop Park,Richmond
Hilltop Green Park,Richmond
Hilltop Lake Park,Richmond
Humboldt Park,Richmond
Huntington Park,Richmond
John F Kennedy Park,Richmond
Judge Carroll Park,Richmond
Kenny Park,Richmond
La Moine park,Richmond
Lucas Park,Richmond
Lucretia Edwards Park,Richmond
Marina Bay Park,Richmond
Mendocino Park,Richmond
Mira Vista Park,Richmond
Nevin Park,Richmond
Nicholl Park,Richmond
Pt. Milate Beach Park,Richmond
Rain Cloud Park,Richmond
Santa Fe Union Park,Richmond
Shimada Friendship Park,Richmond
Southside Community Park,Richmond
State Court Park,Richmond
Tiller Park,Richmond
Unity Park,Richmond
Wendell Park,Richmond
City park,San Bruno
Commodore Park,San Bruno
Grundy Park,San Bruno
Bayshore Circle Park,San Bruno
Buckeye Park,San Bruno
Forest Lane Park,San Bruno
Lions Park,San Bruno
Lomita Park,San Bruno
Monte Verde Park,San Bruno
Pacific Heights Park,San Bruno
Ponderosa Park,San Bruno
Posy Park,San Bruno
7th Avenue Park,San Bruno
7th and Walnut Park,San Bruno
Cedar Street Park,San Carlos
Ball Park,San Leandro
Bonaire Park,San Leandro
Chabot Park,San Leandro
Cherry Grove Park,San Leandro
Dog Park,San Leandro
Grover Cleveland Park,San Leandro
Floresta Park,San Leandro
Halcyon Park,San Leandro
Marina Park,San Leandro
McCartney Park,San Leandro
Memorial Park,San Leandro
Root Park,San Leandro
Stenzel Park,San Leandro
Thrasher Park,San Leandro
Toyon Park,San Leandro
Siempre Verde Park,San Leandro
Victoria Oark,San Leandro
Warden Park,San Leandro
San Lorenzo Community Center Park,San Lorenzo
Mervin Morris Park,San Lorenzo
Bay Meadows Community Park,San Mateo
Bayside Park,San Mateo
Beresford Park,San Mateo
Casanova Park,San Mateo
Central Park,San Mateo
Harborview Park,San Mateo
Indian Springs Park,San Mateo
Lakeshore Park,San Mateo
Laurelwood Park,San Mateo
Laurie Meadows Park,San Mateo
Los Prados Park,San Mateo
Mariners Island Park,San Mateo
Martin Luther King Park,San Mateo
Paddock Park,San Mateo
Parkside Aquatic Park,San Mateo
Ryder Park,San Mateo
Seal Point Park,San Mateo
Shoreview Park,San Mateo
Trinta Park,San Mateo
Cloud View Park,Sausalito
Cazneau Park,Sausalito
Dunphy Park,Sausalito
Gabrielson Park,Sausalito
Marinship Park,Sausalito
Mary Ann Sears Park,Sausalito
MLK Park,Sausalito
Robin Sweeny Park,Sausalito
Southview Park,Sausalito
Tiffany Park,Sausalito
Yee Tock Chee Park,Sausalito
Orange Memoria; Park,South San Francisco
Westborough Park,South San Francisco
Alta Loma Park,South San Francisco
Avalon Park,South San Francisco
Brentwood Park,South San Francisco
Buri Buri Park,South San Francisco
Clay Park,South San Francisco
Paradise Valley Park,South San Francisco
Sellick Park,South San Francisco
Sign Hill Park,South San Francisco
Sister cities Park,South San Francisco
Elkwood Park,South San Francisco
Zamora Park,South San Francisco
Paradise Cay Yacht Harbor,Tiburon
